"id","titulo","texto","data","url"
1,"guaruja - par. 1","Guarujá é um município brasileiro do estado de São Paulo. Localiza-se na Região Metropolitana da Baixada Santista. A população, segundo a dados do IBGE de 2022,[4] é de 287 634 habitantes. Possui uma área de 144,794 km²,[4] o que resulta numa densidade demográfica de 1 986,50 habitante/km².[4] Geograficamente, situa-se na Ilha de Santo Amaro, terceira maior ilha do litoral paulista. O município é formado pela sede e pelo distrito de Vicente de Carvalho.[7][8]","2026/06/29","https://pt.wikipedia.org/wiki/Guarujá"
2,"guaruja - par. 2","Atualmente, a cidade de Guarujá é conhecida como a ""Pérola do Atlântico"", devido às suas belas praias e belezas naturais. Muito procurada pelos turistas na alta temporada, a cidade conta com praias urbanizadas e algumas selvagens, acessíveis apenas por trilhas. Além do litoral, Guarujá oferece construções históricas e trilhas de ecoturismo. Outra atração local é a pesca artesanal, que pode ser vista e praticada em diversas praias do município ao longo de sua orla. Anualmente, a cidade recebe mais de 1,5 milhão de turistas de diversas partes do país.[9]","2026/06/29","https://pt.wikipedia.org/wiki/Guarujá"
3,"guaruja - par. 3","Guarujá é um dos quinze municípios paulistas considerados estâncias balneárias pelo estado de São Paulo, por cumprirem determinados pré-requisitos definidos por lei estadual. Tal status garante a esses municípios uma verba maior por parte do Estado para a promoção do turismo regional. O município também adquire o direito de agregar junto a seu nome o título de estância balneária, termo pelo qual passa a ser designado tanto pelo expediente municipal oficial quanto pelas referências estaduais.[10]","2026/06/29","https://pt.wikipedia.org/wiki/Guarujá"
4,"guaruja - par. 4","Conforme explica Eduardo Navarro em seu Dicionário de Tupi Antigo (2013), ""Guarujá"" é derivado do termo tupi agûarausá, que designa um tipo de caranguejo, o guaruçá.[11]","2026/06/29","https://pt.wikipedia.org/wiki/Guarujá"
5,"guaruja - par. 5","A Ilha de Santo Amaro surge em sua atual forma no final da Era Glacial, entre 20 000e 123 000 anos atrás, quando o Canal de Bertioga e o Estuário de Santos são abertos com a contínua elevação do nível do Oceano Atlântico e criam a atual ilha, separando-a do continente.[carece de fontes]?","2026/06/29","https://pt.wikipedia.org/wiki/Guarujá"
6,"guaruja - par. 6","Os primeiros habitantes foram os chamados povos dos sambaquis, grupo humano seminômade que habitou o litoral sul/sudeste brasileiro após o final da Era Glacial. Esses povos viviam da coleta de moluscos, conchas, mexilhões e demais alimentos marinhos, além de frutas e raízes, e caçavam pequenos animais e peixes. Não conheciam a agricultura e o único registro conhecido de sua existência são os montes de restos de conchas e outros dejetos dessas populações. Os montes são chamados de sambaquis e estão espalhados pelo litoral. Em Guarujá, foram localizados sambaquis nas praias da Ilha do Mar Casado e Pernambuco.[carece de fontes]?","2026/06/29","https://pt.wikipedia.org/wiki/Guarujá"
7,"guaruja - par. 7","Após a era dos sambaquis, a ilha passa a ser visitada por grupos tupi, que deram o primeiro nome à ilha: Guaibê (lugar de caranguejos) e também Guaru-ya (passagem estreita). Os tupis não habitaram a ilha, permanecendo no entorno da Serra do Mar e no Planalto Paulista, mas usavam a frequentavam a área para a colheita de sal e para a pesca.[carece de fontes]?","2026/06/29","https://pt.wikipedia.org/wiki/Guarujá"
8,"guaruja - par. 8","Em 22 de janeiro de 1502, os primeiros europeus pisaram na ilha. André Gonçalves e Américo Vespúcio aportaram na praia de Santa Cruz dos Navegantes, depois seguindo viagem à ilha de São Vicente.[carece de fontes]?","2026/06/29","https://pt.wikipedia.org/wiki/Guarujá"
9,"guaruja - par. 9","A ilha, pantanosa e acidentada, não atrai a atenção dos colonizadores portugueses, que preferem centrar esforços na vizinha ilha de São Vicente, esta mais ampla e salubre e contando com um acesso privilegiado ao Planalto Paulistano, através de trilhas indígenas. Apesar do desinteresse, alguns colonos portugueses acabaram se instalando na costa ocidental de Santo Amaro, sobrevivendo de agricultura de subsistência, pesca e reparos de embarcações utilizadas no estuário de Santos.[carece de fontes]?","2026/06/29","https://pt.wikipedia.org/wiki/Guarujá"
10,"guaruja - par. 10","Em 1543, quando da primeira divisão territorial brasileira, toda a região entre a ilha de Santo Amaro e a barra do rio Juqueririê  (futuros municípios de Guarujá, Bertioga e parte de São Sebastião) é concedida a Pero Lopes de Sousa por seu irmão Martim Afonso de Sousa, sob o nome de capitania de Santo Amaro. A capitania, sem recursos naturais de importância e sem ligações com o Planalto, não se desenvolve. As únicas ações visando a ocupar o território são a construção dos fortes de São João e São Filipe, destinados a proteção do porto do Santos, uma beneficiadora de óleo de baleia no extremo norte da ilha, na desembocadura do Canal de Bertioga, e a ação de alguns grupos de jesuítas para a catequese de índios.[carece de fontes]?","2026/06/29","https://pt.wikipedia.org/wiki/Guarujá"
11,"guaruja - par. 11","Durante toda a fase colonial e imperial, a ilha não atrai atenção, sendo povoada apenas por colonos pontuais e por pequenos sítios destinados a esconder escravos contrabandeados da África. 
No fim do século XIX, o surgimento do turismo, o desenvolvimento da economia paulista e a existência de um acesso ferroviário rápido e fácil entre o litoral e o Planalto Paulista, provocam um novo interesse pela ilha de Santo Amaro.[carece de fontes]?","2026/06/29","https://pt.wikipedia.org/wiki/Guarujá"
12,"guaruja - par. 12","Em 1892, surge a Companhia Prado Chaves, que tem por finalidade a criação de uma vila balneária na praia de Pitangueiras e a exploração do turismo na ilha. Para a vila, são encomendadas 46 casas de madeira nos Estados Unidos e um hotel de luxo, contando inclusive com um cassino. O hotel, batizado de La Plage, foi também construído com a mesma madeira com que foram feitas as casas. Além da vila, a Companhia construiu uma linha férrea ligando o estuário de Santos à praia de Pitangueiras, batizada de Tramway de Guarujá, bem como o primeiro serviço regular de navegação entre Santos e Guarujá.[carece de fontes]?","2026/06/29","https://pt.wikipedia.org/wiki/Guarujá"
13,"guaruja - par. 13","O empreendimento é inaugurado em 2 de setembro de 1893 e torna-se reduto da classe alta paulistana durante o verão, inclusive com a presença do presidente do Estado e de seus secretários. Esta data é também considerada a de fundação do município, quando Guarujá foi promovido a Vila Balneária.[12]","2026/06/29","https://pt.wikipedia.org/wiki/Guarujá"
14,"guaruja - par. 14","Em 1911, a companhia é adquirida pelo empresário norte-americano Percival Farquhar, passando a se denominar Companhia Guarujá..[13] O novo Grand Hôtel de la Plage foi reinaugurado em 1912, tendo sido um marco para o turismo de luxo no Brasil. O sucesso do hotel e a reputação de Guarujá como destino de verão da classe alta paulistana levam a um contínuo desenvolvimento da vila durante a primeira metade do século XX. Neste mesmo hotel, em 1932, morreria o aeronauta e inventor brasileiro Alberto Santos Dumont, onde havia se hospedado após sérios problemas de saúde. Em 1923, a vila foi transformada em distrito de paz e, em 30 de junho de 1926, o distrito tornou-se prefeitura sanitária, separando-se de Santos.[carece de fontes]?","2026/06/29","https://pt.wikipedia.org/wiki/Guarujá"
15,"guaruja - par. 15","A eletrificação foi inaugurada a 11 de janeiro de 1925. Com a eletrificação da linha, bondes elétricos passaram a circular, junto às locomotivas a vapor. Os equipamentos usados na eletrificação foram fornecidos pela Siemens; as obras foram dirigidas pelo engenheiro Ettore Bertacin, da Casa Siemens de São Paulo, e tiveram duração de oito meses. A subestação elétrica principal, que também abastecia o distrito de Itapema, estava localizada ""próximo das torres grandes da Companhia Docas de Santos"", recebendo a corrente em 40 000 volts e transformando-a em 6 600 volts. A subestação retificadora, que reduzia e retificava a corrente alternada de 6,6 kV para 750 volts a ser usada na linha de contato, situava-se no quilômetro quatro da via férrea, ou seja, próximo à metade de seu percurso, no bairro da Conceiçãozinha. Todo o material rodante era de origem alemã, tendo sido produzido pelas firmas Siemens e M.A.N. - Maschinenfabrik Augusburg Nürnberg. Foram adquiridos dois bondes de 106 HP, numerados #3 e #9, e uma locomotiva elétrica de 106 HP para tracionar trens de carga. Esta máquina, com 18 t de peso, tinha capacidade de tracionar trens de 47 toneladas de carga a uma velocidade de 45 km/h.[carece de fontes]?","2026/06/29","https://pt.wikipedia.org/wiki/Guarujá"
16,"guaruja - par. 16","Em 1930, esta empresa adquiriu mais dois bondes da M.A.N., numerados #5 e #7, e construiu um ramal de três quilômetros até o Sítio Cachoeira para o transporte de carga, com extensão aproximada de 2,5 km. O bonde #3 seria sucateado após um acidente ocorrido na década de 1930. Em 1931, a prefeitura sanitária é extinta, com a reintegração da ilha ao território de Santos e Guarujá volta a ter autonomia apenas em 30 de junho de 1934, no antigo status de ""prefeitura sanitária"". Com a deterioração da estação férrea original de Guarujá, construída em 1893 entre a praia e o Grande Hotel, foi necessário construir uma nova e o local escolhido foi outro: o antigo pátio de cargas do bonde, na avenida Leomil, a dois quarteirões da praia. Em 30 de junho de 1934 foi criada a Estância Balneária de Guarujá, evento que motivou a realização de melhorias no serviço do Tramway de Guarujá. Decidiu-se então construir uma nova estação e oficinas, localizadas agora na Av. Leomil, a dois quarteirões da praia. Elas foram inauguradas a 21 de dezembro de 1935. Com a inauguração do novo prédio, o velho foi desativado e demolido. Os bondes foram transferidos para a Estrada de Ferro Campos do Jordão, onde são usados até hoje, e uma de suas locomotivas está exposta na avenida Leomil, em Pitangueiras, em Guarujá.","2026/06/29","https://pt.wikipedia.org/wiki/Guarujá"
17,"guaruja - par. 17","O Forte dos Andradas começou a ser construído em 1934 pelo tenente-coronel de Engenharia João Luís Monteiro de Barros e foi inaugurado em 10 de novembro de 1942, constituindo-se a principal defesa da entrada da Baía de Santos ao sul da Ilha de Santo Amaro. Recebeu esse nome em homenagem aos irmãos Andradas (José Bonifácio, Antônio Carlos e Martim Francisco) que tiveram muita importância durante o período imperial.[carece de fontes]?","2026/06/29","https://pt.wikipedia.org/wiki/Guarujá"
18,"guaruja - par. 18","Em 1947 as prefeituras sanitárias são extintas e Guarujá torna-se município de pleno direito. O fim dos jogos de azar no governo de Eurico Gaspar Dutra e a construção da via Anchieta, ligando a Baixada Santista a São Paulo, modificam a ocupação da ilha. A antiga vila balneária se adensa com a chegada de maiores quantidades de turistas e novos moradores. Edifícios começam a surgir na orla de Pitangueiras e Astúrias e praias até então desertas, como Enseada, Pernambuco e a própria Perequê começam a ser visitadas. Paralelamente, migrantes nordestinos vão para a ilha à procura de emprego, fixando-se na região do velho forte de Itapema, dando origem ao distrito de Vicente de Carvalho.[carece de fontes]?","2026/06/29","https://pt.wikipedia.org/wiki/Guarujá"
19,"guaruja - par. 19","Entre as décadas de 1970 e 1980, Guarujá cresce descontroladamente. Toda a orla da cidade entre as praias do Tombo e Pernambuco é ocupada por diversos loteamentos e edifícios, sem a necessária contrapartida de infraestrutura. O milagre econômico dos anos 1970, a construção da Rodovia Piaçagüera-Guarujá, ligando a ilha diretamente à Via Anchieta e em menor grau às novas rodovias Rio-Santos e Mogi-Bertioga (dando o acesso ao Vale do Paraíba e ao Litoral Norte) provocam a explosão do turismo e da migração para a ilha. A qualidade ambiental vai caindo, com a poluição das águas e a ocupação de áreas sensíveis como morros e mangues. O número cada vez maior de turistas, moradores e migrantes sobrecarrega Guarujá.[carece de fontes]?","2026/06/29","https://pt.wikipedia.org/wiki/Guarujá"
20,"guaruja - par. 20","Um dos principais pontos de referência da cidade de Guarujá é o Morro do Maluf, entre as praias de Pitangueiras e Enseada. O morro pertencia a Edmundo Maluf, industrial em São Paulo, solteiro, que tinha casa na ladeira do morro e dava festas memoráveis, agitando os fins de semana de Guarujá. A situação se torna crítica no final da década de 1980 e início de 1990, quando milhões de turistas visitam a ilha todos os verões, provocando o colapso da infraestrutura, com cortes de eletricidade, falta de água e poluição das praias. Extensas áreas do município são ocupadas por favelas, habitadas pelos migrantes em busca de novas oportunidades e a criminalidade toma corpo. O cenário caótico leva a uma profunda crise no turismo e na economia de Guarujá, que perde turistas e investimentos para o Litoral Norte e até mesmo para outras cidades da Baixada Santista.[carece de fontes]?","2026/06/29","https://pt.wikipedia.org/wiki/Guarujá"
21,"guaruja - par. 21","A segunda metade da década de 1990 vê uma recuperação progressiva do balneário, com investimentos em saneamento, habitação, infraestrutura e até mesmo efeitos benéficos da divisão do total de turistas com outras regiões, reduzindo a sobrecarga na cidade. Paulatinamente, Guarujá começa a receber novos investimentos e a desenvolver o turismo de negócios e a prestação de serviços, visando a expandir sua base econômica e se tornar menos dependente do turismo sazonal.[carece de fontes]?","2026/06/29","https://pt.wikipedia.org/wiki/Guarujá"
22,"guaruja - par. 22","O município possui relevo característico de planície litorânea. As elevações têm altitude média entre 130 e 160 metros, chegando ao máximo de aproximadamente 300 metros. Sua vegetação predominante é de floresta ombrófila densa, que ocorre na Serra do Mar.","2026/06/29","https://pt.wikipedia.org/wiki/Guarujá"
23,"guaruja - par. 23","Os seguintes rios correm pelo território de Guarujá:[14] Rio de Santo Amaro; Rio do Meio; Rio Icanhema; Rio do Peixe; Rio do Pote; Rio Acaraú; Rio Comprido e Rio dos Patos.[carece de fontes]?","2026/06/29","https://pt.wikipedia.org/wiki/Guarujá"
24,"guaruja - par. 24","Guarujá está a uma altitude de 10 metros e possui clima subtropical (classificação ""Cfa""), que se caracteriza por apresentar médias elevadas de temperatura do ar e pluviosidade.","2026/06/29","https://pt.wikipedia.org/wiki/Guarujá"
25,"guaruja - par. 25","A temperatura média anual é de 21,8 °C, com média mínima de 18 °C e média máxima de 25,3 °C. Seu índice pluviométrico anual é de 2 556 milímetros (mm), sendo janeiro o mês de maior precipitação (325 mm) e agosto o de menor (102 mm).[15]","2026/06/29","https://pt.wikipedia.org/wiki/Guarujá"
26,"guaruja - par. 26","O Cristianismo se faz presente na cidade da seguinte forma:[23]","2026/06/29","https://pt.wikipedia.org/wiki/Guarujá"
27,"guaruja - par. 27","A Igreja Católica é representada na cidade pela Diocese de Santos.[24]","2026/06/29","https://pt.wikipedia.org/wiki/Guarujá"
28,"guaruja - par. 28","Entre as igrejas protestantes históricas, pentecostais e neopentecostais, encontram-se na cidade:[25][26]","2026/06/29","https://pt.wikipedia.org/wiki/Guarujá"
29,"guaruja - par. 29","Situado na Ilha de Santo Amaro, ao largo de Santos e de Bertioga, o município dispõe de um conjunto de 27 praias, algumas isoladas e acessíveis apenas por trilha ou barco, e outras em áreas  urbanizadas. Sua economia está apoiada na atividade turística, mas também possui atividade marítima de lazer e indústria e uma intensa atividade portuária. Conta, ainda, com movimento comercial em Vicente de Carvalho, que é o segundo maior da Região Metropolitana. Pelo seu histórico, infraestrutura e proximidade com a capital mais populosa do país, oferece forte atrativo imobiliário e turístico. Boa parte da região da orla, nas praias próximas de centro (principalmente Astúrias, Pitangueiras, Enseada, e Tombo) é tomada por edificações dedicadas à população sazonal, que as ocupa principalmente nas férias de verão.","2026/06/29","https://pt.wikipedia.org/wiki/Guarujá"
30,"guaruja - par. 30","O turismo, sazonal, e os ganhos advindos do mercado imobiliário-turístico (incluindo impostos, compra/venda/aluguel, segurança e manutenção predial) movimentam parte significativa da economia de Guarujá.","2026/06/29","https://pt.wikipedia.org/wiki/Guarujá"
31,"guaruja - par. 31","A outra parte, relevante e não-sazonal, advém do porto (margem esquerda do Porto de Santos) e atividades afins, tais como transporte. Devido a sua proximidade com Cubatão (maior distrito industrial do país) e portos, existe também interesse pela ocupação industrial na região, iniciada em 1976 pela Dow Química,[31] ainda hoje a única grande indústria a ocupar a região.","2026/06/29","https://pt.wikipedia.org/wiki/Guarujá"
32,"guaruja - par. 32","Segundo dados do IBGE[32] de 2006, ""a produção de riquezas na área de serviços, no município, somou, naquele ano, R$ 1,820 bilhão, o equivalente a 0,14% em participação no PIB brasileiro"".[33]","2026/06/29","https://pt.wikipedia.org/wiki/Guarujá"
33,"guaruja - par. 33","O acesso a Guarujá (Ilha de Santo Amaro) pode ser feito por balsas da Travessia Santos-Guarujá, que partem da Ponta da Praia, em Santos. Na travessia são utilizadas seis balsas que têm capacidade para 12 a 72 carros, transportando atualmente 1 500 carros por hora e 23 000 veículos por dia. É a travessia com o maior fluxo de veículos do mundo nessa categoria.[34]","2026/06/29","https://pt.wikipedia.org/wiki/Guarujá"
34,"guaruja - par. 34","Outro acesso é pela rodovia Cônego Domênico Rangoni, que percorre a área continental do município de Santos, chegando à Ilha de Santo Amaro através da ponte do Monte Cabrão, no canal de Bertioga. Após o Canal de Bertioga, temos quatro entradas para a cidade. Uma é o trevo da Vila Áurea; outra é a Rua Professor Idalino Pinez, mais conhecida como Rua do Adubo, ambas largamente utilizadas pelos caminhões que chegam e buscam o cais do Porto de Santos. A terceira é o viaduto que atravessa a rodovia e os bairros de Morrinhos e Vila Zilda, fazendo a ligação com o túnel em direção à praia da Enseada e outras. A quarta e mais importante entrada fica no fim do trecho sob jurisdição da Ecovias e dá acesso direto à sede do município. Pedestres podem aceder à ilha por via marítima: as barcas partem do centro de Santos com destino a Vicente de Carvalho. Há barcas também na Ponta da Praia, em Santos, com destino ao outro lado do estuário.","2026/06/29","https://pt.wikipedia.org/wiki/Guarujá"
35,"guaruja - par. 35","Além dos meios convencionais de transporte, merece destaque o uso de bicicletas. Um estudo da Agência Metropolitana (Agem) detectou que a maioria dos ciclistas faz da bicicleta o meio de transporte para o trabalho. Principalmente moradores de Vicente de Carvalho que trabalham no porto. Entre os municípios da Baixada Santista, Guarujá é o que tem o maior número de bicicletas. De acordo com o departamento de trânsito, dos 265 000 habitantes, 35 000 usam bicicleta, um mercado que vem crescendo 5% ao ano. O município conta com cinco estacionamentos exclusivos para bicicletas, alguns funcionando 24 horas. Segundo a Dersa (empresa que administra a travessia marítima entre Santos e Guarujá), transitam pelas balsas uma média diária de 14 mil bicicletas nos dois sentidos. Essa quantidade de bicicletas como meio de transporte levou as cidades da região a adequar suas estruturas urbanas para os ciclistas. Guarujá implantou 16,47 km de ciclovias e ciclofaixas e prevê implantar mais 12,89 km até 2011.","2026/06/29","https://pt.wikipedia.org/wiki/Guarujá"
36,"guaruja - par. 36","O sistema de telefones automáticos foi inaugurado na cidade em 1964 pela empresa Serviços Municipais de Telefones Automáticos (SMTA), administrada pela Companhia Telefônica Brasileira (CTB).[35] Já o sistema de discagem direta à distância (DDD) foi implantado em 1974 pela Telecomunicações de São Paulo (TELESP) com o código de área (0132).[36]","2026/06/29","https://pt.wikipedia.org/wiki/Guarujá"
37,"guaruja - par. 37","Na década de 90 o código DDD da cidade foi alterado para (013), para padronização do sistema telefônico com a telefonia celular que estava sendo implantada em todo o estado.[37]","2026/06/29","https://pt.wikipedia.org/wiki/Guarujá"
38,"santos - par. 1","Santos é um município brasileiro no litoral do estado de São Paulo, Região Sudeste do país. Abriga o maior porto da América Latina,[9] que é o principal responsável pela dinâmica econômica da cidade ao lado do turismo, da pesca e do comércio.[10] Ocupa a 5.ª colocação entre as não capitais mais importantes para a economia brasileira[11] e 10.ª colocada segundo a qualidade de vida.[12] A cidade é sede do poder executivo paulista todo dia 13 de junho (capital simbólica de São Paulo)[13] e não apenas sede de diversas instituições de ensino superior como também da mais antiga entidade geral estudantil do Brasil, o Centro dos Estudantes de Santos.","2026/08/27","https://pt.wikipedia.org/wiki/Santos"
39,"santos - par. 2","Fundada em 1546 por Brás Cubas, sendo uma das cidades mais antigas das Américas,[14] Santos se tornou um centro do ciclo do café no século XIX.[15] Em 1922, foi inaugurada a Bolsa Oficial do Café, onde eram negociadas riquezas do mercado cafeeiro para o país[16] e que resultou no atual Museu do Café no Centro Histórico, que promove exposições sobre a trajetória do produto pelo Brasil e pela cidade e que é decorado com obras do artista Benedito Calixto.[17] Atualmente, Santos possui uma economia pujante, principalmente por conta de seu complexo portuário. Em 2016, a cidade era a 33ª mais rica do país, com produto interno bruto de 21 954 556,74 de reais.","2026/08/27","https://pt.wikipedia.org/wiki/Santos"
40,"santos - par. 3","Cidade mais populosa do litoral paulista,[18] a estimativa de população em 2020 era de 433 656 habitantes.[5] A Região Metropolitana da Baixada Santista, com 1,8 milhão de habitantes, é parte - junto com a Grande São Paulo e a Região Metropolitana de Campinas - do Complexo Metropolitano Expandido, uma megalópole que ultrapassa os 30 milhões de habitantes (cerca 75% da população paulista) e que é a primeira aglomeração urbana do tipo no hemisfério sul da Terra.[19]","2026/08/27","https://pt.wikipedia.org/wiki/Santos"
41,"santos - par. 4","O principal cartão-postal do município são os 7 km de praia. O Guinness World Records situa os jardins da orla de Santos como formadores do maior jardim frontal de praia em extensão do mundo.[20] A preservação e o cuidado com a flora do ambiente praiano santista, permeado de palmeiras e amendoeiras,[21] são resultados de um trabalho em conjunto dos departamentos de meio ambiente da região, muitas vezes ligados a universidades ou a instituições científicas.[22] Em 2010, o Programa das Nações Unidas para o Desenvolvimento das Nações Unidas posicionou a cidade em sexto lugar na lista dos municípios brasileiros por índice de desenvolvimento humano e em terceiro lugar na lista dos municípios de São Paulo por índice de desenvolvimento humano, sendo um dos municípios menos violentos do país.[6][23] Entretanto, Santos enfrentava (dados de 2011/12) alto custo de vida[24] e constante especulação imobiliária.[25] Além disso, abriga a maior favela de palafitas do país, o Dique da Vila Gilda, onde vivem, em dados de 2012, mais de 10 mil pessoas.[26]","2026/08/27","https://pt.wikipedia.org/wiki/Santos"
42,"santos - par. 5","Verificam-se relatos a respeito da Ilha de São Vicente apenas dois anos após o descobrimento oficial do Brasil, em 1502, com a expedição de Américo Vespúcio para o reconhecimento da costa brasileira. Ao passar pela ilha dantes conhecida pelos indígenas sob o nome de Goiaó (ou Guaiaó), a expedição decidiu dar-lhe o nome do santo do dia, São Vicente.[27][28][29]","2026/08/27","https://pt.wikipedia.org/wiki/Santos"
43,"santos - par. 6","A coroa portuguesa interessou-se pouco pela região nos trinta anos que se seguiram à expedição. Durante este tempo, vários corsários e piratas acudiam à região em busca do pau-brasil, madeira nobre que era objeto de cobiça na época, largamente explorada pelos portugueses na Mata Atlântica abundante da região.[27][28][29]","2026/08/27","https://pt.wikipedia.org/wiki/Santos"
44,"santos - par. 7","No entanto, em 1531, devido à decadência dos negócios da coroa portuguesa na Índia, o Brasil volta ao centro das atenções. Uma esquadra de demarcação e posse de territórios é enviada pelo monarca D. João III à Ilha de São Vicente. O chefe da esquadra, o navegador Martim Afonso de Sousa, encontra na entrada do atual estuário de Santos (Ponta da Praia) um pequeno povoado e um atracadouro, conhecido como Porto de São Vicente. Um dos degredados trazidos pela expedição de Américo Vespúcio, Cosme Fernandes, fundara aí essa colônia, e prosperava graças ao comércio com os indígenas. A vila de São Vicente também refletia a prosperidade das atividades econômicas de Fernandes.[27][28][29]","2026/08/27","https://pt.wikipedia.org/wiki/Santos"
45,"santos - par. 8","Martim Afonso, no entanto, expulsou Cosme Fernandes das terras e ocupou o porto de São Vicente. Também distribuiu sesmarias na parte norte da ilha, conhecida como Enguaguaçu, onde se encontravam terras adequadas ao plantio. Aí, se estabeleceram colonizadores portugueses, tais como Luís de Góis (e sua esposa Catarina de Andrade), Domingos Pires, Pascoal Fernandes, Francisco Pinto, Rui Pinto e os irmãos José e Francisco Adorno, que construíram um engenho perto do atual Morro de São Bento.[27][28][29]","2026/08/27","https://pt.wikipedia.org/wiki/Santos"
46,"santos - par. 9","A vida do novo povoado, entre 1530 e 1543, passou a girar em torno do engenho e do plantio. Com a invasão e saqueio da vila de São Vicente por Cosme Fernandes, na Guerra de Iguape, que se vingou por haver sido expulso em 1531 por Martim Afonso de Sousa e, com o maremoto posterior que danificou seriamente essa vila, a população do povoado do Enguaguaçu só fez crescer.[27][28][29]","2026/08/27","https://pt.wikipedia.org/wiki/Santos"
47,"santos - par. 10","Em 1543, com o término da construção de uma capela num outeiro em homenagem a Santa Catarina (mártir cristã) por Luís de Góis, Brás Cubas conseguiu a transferência do Porto para o sítio do Enguaguaçu, que era mais seguro e o apoio do povoado era necessário para as embarcações que aportavam e para o fornecimento das mercadorias a exportar. O fidalgo português também levou a cabo a instalação de um hospital, nos moldes da Santa Casa de Lisboa, acelerando o desenvolvimento do local. O hospital foi denominado Santa Casa de Misericórdia de Todos os Santos e foi o segundo hospital do Brasil - sendo o mais antigo do país em funcionamento, uma vez que o Hospital da Santa Casa de Misericórdia de Olinda foi extinto.[30][31] O novo povoado de Enguaguaçu passou então a ser conhecido como o povoado de Todos os Santos. Uma outra hipótese sobre o nome Santos viria do porto de Santos que havia em Lisboa, semelhante ao local do novo povoado. Daí, então a região próxima ao Outeiro era conhecida como ""Vila do Porto de Santos"", e depois, apenas ""Santos"".[27][28][29]","2026/08/27","https://pt.wikipedia.org/wiki/Santos"
48,"santos - par. 11","Dessa forma, o povoado cresceu em importância: foi elevado à condição de vila por Brás Cubas em 1546 (data controversa, o ano de 1543 também é defendido por certos historiadores), vivendo os seus primeiros anos de ocupação por imigrantes portugueses e espanhóis. A Capela de Santa Catarina se tornou a Igreja Matriz da vila. Ainda hoje, comenta-se o fato de Santos ser uma das poucas cidades que conhecem exatamente o seu local de nascimento: o Outeiro de Santa Catarina, que existe até hoje.[27][28][29]","2026/08/27","https://pt.wikipedia.org/wiki/Santos"
49,"santos - par. 12","A segunda metade do século XVI foi significativa para Santos: criaram-se a Alfândega de Santos em 1550 - o mesmo ano da chegada dos padres jesuítas para a catequização dos índios tupis que ali moravam em núcleo, o arsenal de defesa em 1552, e instalou-se a ordem dos carmelitas em 1589. Mas também foi uma época em que Santos sofreu com a invasão e com os saques dos corsários, por ser um porto relativamente próspero.[27][28][29]","2026/08/27","https://pt.wikipedia.org/wiki/Santos"
50,"santos - par. 13","O saque do pirata Thomas Cavendish, em 1591, deu origem em Santos à lenda do milagre de Nossa Senhora do Monte Serrat, padroeira da cidade. Conta a lenda que a população santista se refugiou num dos morros da cidade, o morro de São Jerônimo, para escapar aos piratas. Neste morro havia uma capela à qual um fidalgo espanhol trouxera uma imagem de Nossa Senhora de Montserrat (daí o nome dado ao morro, Monte Serrat).[27][28][29] A população orava na capela de Montserrat quando os piratas começaram a subir para atacá-los e um deslizamento de terra, atribuído à Santa, os fez fugir. Desde então, Nossa Senhora do Monte Serrat é celebrada como padroeira da cidade, e seu dia é comemorado no dia 8 de setembro. Cavendish também destruiu o Outeiro de Santa Catarina e o Engenho dos Erasmos, sendo um dos responsáveis pelo declínio da incipiente economia canavieira da Capitania de São Vicente.[27][28][29]","2026/08/27","https://pt.wikipedia.org/wiki/Santos"
51,"santos - par. 14","Thomas Cavendish permaneceu por dois meses em Santos, saqueando o que podia, chegou a roubar dois sacos de ouro que teriam vindo de uma mina no pico da Jaraguá.   Partiram daí para o Estreito de Magalhães com a finalidade de atacar as colônias espanholas, mas devido ter se demorado muito em Santos, pegaram mau tempo no Estreito de Magalhães onde ficaram presos, muitos de sua tripulação morreram de frio e de fome, tendo retornado a Santos para pedir ajuda na Santa Casa.[32]","2026/08/27","https://pt.wikipedia.org/wiki/Santos"
52,"santos - par. 15","No século XVII, seguindo uma tendência de toda a Capitania de São Vicente, a vila de Santos entra em um longo e lento processo de estagnação e posterior decadência. Muitos habitantes da vila, na tentativa de buscar uma atividade econômica, se juntavam aos habitantes da vila de São Paulo de Piratininga e partiam nas expedições conhecidas como bandeiras.[27][28][29]","2026/08/27","https://pt.wikipedia.org/wiki/Santos"
53,"santos - par. 16","No fim do século XVIII, a vila retoma o desenvolvimento e sua população começa a crescer. A construção da Calçada do Lorena - estrada de ligação de Santos com São Paulo, o desenvolvimento na infraestrutura (iluminação pública, melhoramentos no porto) e a posterior abertura dos portos brasileiros com a vinda da família real portuguesa reativaram o dinamismo econômico da vila.[27][28][29]","2026/08/27","https://pt.wikipedia.org/wiki/Santos"
54,"santos - par. 17","Cabe destacar que vários episódios relacionados à independência do Brasil ocorreram em Santos, tais como a rebelião militar dos Quartéis de Santos liderada de Chaguinhas contra a tentativa das Cortes Constitucionais de Lisboa de fazer retroceder o Brasil à condição de colônia, e a passagem de D. Pedro I por Santos justo antes do célebre Grito da Independência. Aliás, note-se que o imperador nunca escondeu sua simpatia pela região, chegando a conferir à sua amante o título de Marquesa de Santos.[27][28][29]","2026/08/27","https://pt.wikipedia.org/wiki/Santos"
55,"santos - par. 18","Santos foi elevada à categoria de cidade em 26 de janeiro de 1839 quando a Assembleia Provincial (que hoje equivale a Assembleia Legislativa Estadual) resolveu aprovar uma Lei que elevou a Vila de Santos à condição de Cidade, assinada por Venâncio José Lisboa, presidente da Assembleia. Logo, comemora-se a cada dia 26 de janeiro o aniversário da cidade - não apenas o de sua elevação à categoria de Cidade, mas também o da sua fundação por Brás Cubas.[27][28][29] Abaixo segue transcrita a lei de elevação. Era curiosa a metodologia da escrita na forma de fazer e sancionar as leis na época: existia um cabeçalho realmente grande, além do fato de a Lei ser específica (e não como ocorre atualmente, com nuances):","2026/08/27","https://pt.wikipedia.org/wiki/Santos"
56,"santos - par. 19","Artigo único - Fica elevada à categoria de Cidade de Santos, a Villa do mesmo nome, pátria do conselheiro José Bonifácio de Andrada e Silva, revogadas para isso as disposições em contrário (Nota: Já existia o hábito de escrever ""Revoga-se ."", pois é mais fácil do que pesquisar o intrincado arquivo legislativo adotado até essa época). Mando, portanto a todas as autoridades a quem o conhecimento e execução da referida lei pertencer, que a cumpram e façam cumprir tão inteiramente como nella se contém. O Secretário desta Província a faça imprimir, publicar e correr. Dada no Palácio do Governo de São Paulo, aos 26 dias do mês de janeiro de 1.839. (a) Venâncio José Lisboa"".","2026/08/27","https://pt.wikipedia.org/wiki/Santos"
57,"santos - par. 20","A economia do café no Brasil representou um impulso sem precedentes de crescimento para Santos. A inauguração da ferrovia São Paulo Railway ligando Santos às lavouras cafeeiras de Jundiaí em 1867 foi uma fonte de progresso inestimável, principalmente para o porto. A cidade aumentou sua população sobremaneira, ocupando toda a área entre o porto e o Monte Serrat, e as áreas conhecidas como Paquetá e Macuco. A cidade também fervilhava de ideias: foi um dos centros do movimento abolicionista, com a figura de Quintino de Lacerda e seu famoso quilombo no bairro do Jabaquara. O Teatro Guarany, primeiro grande teatro da cidade e palco de manifestações pela abolição, foi inaugurado em 1888.[27][28][29]","2026/08/27","https://pt.wikipedia.org/wiki/Santos"
58,"santos - par. 21","Com a abolição da escravatura e a vinda de mão de obra italiana para substituir o trabalho dos negros, na agricultura, Santos se caracterizou como a porta de entrada do Brasil para os esperançosos imigrantes italianos e japoneses. Muitos acabaram se fixando na própria cidade em vez de seguirem o destino até então traçado para eles.[27][28][29] O aumento populacional também acarretou problemas: uma grande epidemia de febre amarela em 1889 dizimou setecentas pessoas. Santos sofria constantemente com as doenças, com os alagamentos. A falta de saneamento básico era um problema, as doenças e os cortiços também. O Porto de Santos era temido, considerado o ""porto da morte"". Para sanar tais problemas, duas obras foram fundamentais: o Porto Organizado, inaugurado em 1892 pelos empresários Cândido Gaffrée e Eduardo Guinle, e o Saneamento de Santos, que é o responsável pelo fim definitivo das doenças e pela salubridade de Santos. A genialidade do projeto do engenheiro Saturnino de Brito teve o triplo mérito de drenar as planícies alagadas com os canais de drenagem - hoje marcos da paisagem urbana santista - de preservar a memória histórica do Centro e de ordenar a ocupação urbana da Ilha de São Vicente com um plano de ruas.[27][28][29]","2026/08/27","https://pt.wikipedia.org/wiki/Santos"
59,"santos - par. 22","Santos se tornou definitivamente uma cidade turística a partir dos anos 1910, com a construção dos hotéis Internacional e Parque Balneário e com a construção dos jardins da orla de Santos a partir de 1935. Até hoje, o turismo em Santos é uma das atividades econômicas principais, ligado principalmente às praias e ao patrimônio histórico.[27][28][29] Durante a ditadura militar brasileira, Santos teve a sua autonomia política suspensa: por abrigar o maior porto do Brasil, a cidade foi designada área de segurança nacional pelo governo, perdendo, assim, o direito de eleger prefeito. O prefeito eleito democraticamente Esmeraldo Tarquínio, foi cassado em 1968, o que representou um duro golpe para a cidade.[27][28][29]","2026/08/27","https://pt.wikipedia.org/wiki/Santos"
60,"santos - par. 23","No início dos anos 1980, com o enfraquecimento do regime, pressões políticas pela volta da autonomia cresceram. Finalmente, em 1983, Santos recuperou sua autonomia.[27][28][29] A cidade elegeu de maneira democrática o primeiro prefeito em vinte anos, que era ao mesmo tempo um dos principais nomes do movimento pela autonomia: Oswaldo Justo (ligado ao PMDB).[27][28][29] Em 1989, a cidade foi palco de um marco na história da luta antimanicomial e da reforma psiquiátrica no Brasil quando no dia 3 de maio a então prefeita Telma de Souza decretou a intervenção da Casa de Saúde Anchieta, manicômio conhecido popularmente como ""Casa dos Horrores"" onde os internos eram submetidos a diversas violações de direitos humanos.[33] Em um ato inédito no país, foram criados cinco Núcleos de Atenção Psicossocial para atender os pacientes egressos do Anchieta, desativado definitivamente em 1996.[34]","2026/08/27","https://pt.wikipedia.org/wiki/Santos"
61,"santos - par. 24","Durante a década de 1990, como resultado de um processo vindo já da década de 1980, Santos enfrentou uma crise no turismo devido à piora na balneabilidade das suas praias. A cidade passou a recuperar-se a partir do início da década de 1990, em um trabalho de reversão da imagem negativa adquirida ao longo da década de 1970.[27][28][29] O comércio cresceu na cidade, e surgiram casas noturnas, agências de recepção turística, hotéis e flats. Em 1991, a Bienal de Artes Plásticas de Santos, interrompida por dezoito anos, voltou a ser realizada, no intuito de recuperar a identidade cultural do município. A partir de 1993, a prefeitura passou a investir no turismo, com revitalizações paisagísticas e construções de ciclovias na cidade. Deste modo, Santos foi considerada a cidade mais visitada por turistas estrangeiros no litoral paulista.[27][28][29]","2026/08/27","https://pt.wikipedia.org/wiki/Santos"
62,"santos - par. 25","A partir do início do século XXI, ocorreram projetos de revitalização da área central da cidade, reconhecida como Centro Histórico. Foram oferecidos incentivos fiscais às empresas em troca de restaurações de prédios depredados, o que melhorou consideravelmente seu aspecto e trouxe empresas para a região. Programações culturais e artísticas atraíram restaurantes e clubes, como a reativação do Teatro Coliseu Santista e a implantação do Bonde Turístico.[27][28][29]","2026/08/27","https://pt.wikipedia.org/wiki/Santos"
63,"santos - par. 26","Nos últimos anos, a cidade contou com grandes empreendimentos principalmente voltados a intervenções logísticas no porto e imobiliárias por prédios voltados à indústria de logística, do petróleo e gás, além de obras para implantação de trecho ferroviário do VLT da Baixada Santista.[35]","2026/08/27","https://pt.wikipedia.org/wiki/Santos"
64,"santos - par. 27","No dia 13 de agosto de 2014, um avião caiu sobre uma área residencial do bairro do Boqueirão, matando sete pessoas, incluindo Eduardo Campos, então candidato a Presidência do Brasil.[36]","2026/08/27","https://pt.wikipedia.org/wiki/Santos"
65,"santos - par. 28","Divide-se principalmente em duas áreas geográficas distintas: a área continental e a área insular. As duas áreas diferem tanto em termos demográficos, quanto em termos econômicos e geográficos.[37]","2026/08/27","https://pt.wikipedia.org/wiki/Santos"
66,"santos - par. 29","A área continental estende-se por 231,6 quilômetros quadrados, representando a maior parte do território do município. Quase 70% dessa área é classificada como Área de Proteção Ambiental por estar situada dentro dos limites do Parque Estadual da Serra do Mar e por abrigar uma grande área de Mata Atlântica nativa sobre as escarpas da Serra do Mar.[37]","2026/08/27","https://pt.wikipedia.org/wiki/Santos"
67,"santos - par. 30","A área insular estende-se sobre a Ilha de São Vicente, cujo território é dividido com o município vizinho de São Vicente. Com uma área de 39 quilômetros quadrados, densamente urbanizada, abriga quase a totalidade dos habitantes da cidade.[37][38]","2026/08/27","https://pt.wikipedia.org/wiki/Santos"
68,"santos - par. 31","A orla santista é composto por 6 praias em oito quilômetros de extensão. A orla é urbanizada com 218 800 metros quadrados de jardim urbano à beira-mar.[39] Na Zona Intermediária são identificados os seguintes bairros (entre a orla e o centro) da cidade: Campo Grande, Encruzilhada, Estuário, Jabaquara, Macuco, Marapé, Vila Belmiro, Vila Hayden e Vila Mathias. Foi instituído, ainda, o bairro Chinês a partir da Lei de Uso do Solo de 2011 na área.[40][41]","2026/08/27","https://pt.wikipedia.org/wiki/Santos"
69,"santos - par. 32","A Zona Noroeste surgiu após a necessidade de expansão territorial na cidade que, apesar da distância da orla, se desenvolveu e expandiu-se a partir do antigo caminho do mar ao redor dos trilhos de um bonde que seguiu em direção a São Vicente.[42] Integra, de uma forma geral, os mais recentes bairros na cidade: Alemoa, Areia Branca, Bom Retiro, Caneleira, Castelo, Chico de Paula, Piratininga, Rádio Clube, Saboó, Santa Maria, São Jorge, São Manoel, Vila Haddad e Vila Progresso, além de contar com o bairro Ilhéu Alto oficializada a partir de 2011 em um local de morro distante do aglomerado dos outros morros da cidade.[40] A Zona Central é o ponto inicial da cidade, onde foi fundada a Vila de Santos, atualmente compreende os bairros Valongo, Centro, Paquetá, Vila Nova e Monte Serrat.[41]","2026/08/27","https://pt.wikipedia.org/wiki/Santos"
70,"santos - par. 33","Santos possui clima tropical litorâneo úmido. Os verões são quentes e úmidos (com pluviosidade média acima dos 250 mm no mês de janeiro), enquanto os invernos têm como característica temperaturas mais amenas e menor incidência de chuvas (pluviosidade média em torno dos 55 mm em agosto). Primavera e outono se caracterizam como estações de transição.[46]","2026/08/27","https://pt.wikipedia.org/wiki/Santos"
71,"santos - par. 34","Segundo dados do Instituto Nacional de Meteorologia (INMET), de 1931 a 1996, e do Centro Integrado de Informações Agrometeorológicas (CIIAGRO), de 1996 a 2017, a menor temperatura registrada em Santos foi de 4,2 °C em 13 de junho de 2016 e a maior atingiu 40,7 °C em 9 de setembro de 1997.[43][44][45]","2026/08/27","https://pt.wikipedia.org/wiki/Santos"
72,"santos - par. 35","Fora da série do INMET, foi registrada uma temperatura de 41,7 °C em 27 de janeiro de 2022.[47] O maior acumulado de precipitação em 24 horas, medido pela série do INMET, foi de 368,8 milímetros (mm) em 18 de fevereiro de 1934. Acumulados iguais ou superiores a 200 mm também foram registrados em 17 de dezembro de 1934 (239,5 mm), 11 de janeiro de 1966 (203,8 mm) e 12 de março de 1998 (201,8 mm).[43][44][45]","2026/08/27","https://pt.wikipedia.org/wiki/Santos"
73,"santos - par. 36","Segundo os dados do Censo de 2010, Santos possuía naquele ano, 419 400 moradores: 419 086 deles moravam na zona urbana (99,93%) e 314 na zona rural (0,07%).[53] De acordo os mesmos dados, 191 912 eram homens e 227 488 mulheres. Naquele ano havia 38 159 pessoas morando em aglomerados subnormais, o que correspondia a 9,13% de sua população.[54]
Dos moradores com 10 anos ou mais, 97,8% eram alfabetizados[55] e 11% tinham rendimento nominal mensal abaixo de um salário mínimo.[56]","2026/08/27","https://pt.wikipedia.org/wiki/Santos"
74,"santos - par. 37","Em 2022, a população do município foi contada pelo Instituto Brasileiro de Geografia e Estatística em 418,608 habitantes, sendo o décimo mais populoso do estado, apresentando uma densidade populacional de 1 489,53 habitantes por quilômetro quadrado.[5] Em 2010, o Índice de Desenvolvimento Humano era de 0,840, o terceiro maior do estado.[6][57]","2026/08/27","https://pt.wikipedia.org/wiki/Santos"
75,"santos - par. 38","Naquele ano, segundo dados do Censo do Instituto Brasileiro de Geografia e Estatística, a população santista era composta por 71,67% de brancos; 22,33% de pardos; 4,71% de pretos; 1,10% de amarelos; 0,14% ameríndios; além de 0,05% sem declaração. A cidade recebeu imigrantes principalmente durante o século XX.[58]","2026/08/27","https://pt.wikipedia.org/wiki/Santos"
76,"santos - par. 39","O intenso processo de conurbação atualmente em curso na região vem criando uma metrópole cujo centro está em Santos e atinge vários municípios, como São Vicente, Praia Grande e Guarujá. A Região Metropolitana da Baixada Santista foi criada mediante Lei Complementar Estadual 815, em 30 de julho de 1996, tornando-se a primeira região metropolitana brasileira sem status de capital estadual.[59]","2026/08/27","https://pt.wikipedia.org/wiki/Santos"
77,"santos - par. 40","Estende-se sobre municípios pertencentes tanto à Mesorregião de Santos (sobreposta à Microrregião de Santos) quanto à Mesorregião do Litoral Sul Paulista (mais precisamente, à Microrregião de Itanhaém). Todos os municípios da Região Metropolitana integram o litoral de São Paulo.[59]","2026/08/27","https://pt.wikipedia.org/wiki/Santos"
78,"santos - par. 41","A região abrange 2 419,930[60] quilômetros quadrados (corresponde a menos de 1% da superfície do estado de São Paulo). É a 15ª região metropolitana mais populosa do Brasil, com uma população de cerca de 1,6 milhão de moradores fixos, e faz parte do Complexo Metropolitano Expandido, uma megalópole que compreendia em 2008, 12% da população brasileira, ou cerca de 30 milhões de habitantes. Nos períodos de férias, acolhe igual número de pessoas, que se instalam na quase totalidade em seus municípios.[19]","2026/08/27","https://pt.wikipedia.org/wiki/Santos"
79,"santos - par. 42","Tal qual a variedade cultural verificável em Santos, são diversas as manifestações religiosas presentes na cidade. Embora tenha se desenvolvido sobre uma matriz social eminentemente católica, tanto devido à colonização quanto à imigração - e ainda hoje a maioria dos santistas declara-se católica -, é possível encontrar atualmente na cidade dezenas de denominações protestantes diferentes, assim como a prática do budismo, do islamismo, espiritismo, entre outras.[61]","2026/08/27","https://pt.wikipedia.org/wiki/Santos"
80,"santos - par. 43","De acordo com dados do censo de 2010 realizado pelo IBGE, a população santista era composta naquele ano por: 276 590 católicos (65,05%); 56 370 protestantes (13,44%), 34 380 pessoas sem religião (8,20%), 31 876 espíritas (2,31%), 1 657 umbandistas (0,40%), 1 471 budistas (0,35%) e 471 judeus (0,11%).[61] Segundo o censo brasileiro de 2022, a composição religiosa da cidade era de 58,98% católicos, 14,39% evangélicos ou protestantes, 7,67% espíritas, 2,13% umbandistas ou candomblecistas, 0,03% religião tradicional, 6,23% outra religião, 10,45% irreligiosos, 0,06% desconhecidos e 0,05% não declarados.[62]","2026/08/27","https://pt.wikipedia.org/wiki/Santos"
81,"santos - par. 44","Santos está localizada no país mais católico do mundo em números absolutos. A Igreja Católica teve seu estatuto jurídico reconhecido pelo governo federal em outubro de 2009,[63] ainda que o Brasil seja atualmente um estado oficialmente laico.[64] A Diocese de Santos, presente na cidade, engloba as paróquias das cidades de Bertioga, Cubatão, Guarujá, Itanhaém, Mongaguá, Peruíbe, Praia Grande e São Vicente. O município está dividido em 23 paróquias.[65]","2026/08/27","https://pt.wikipedia.org/wiki/Santos"
82,"santos - par. 45","A administração municipal se dá pelo poder executivo e pelo poder legislativo.[66]","2026/08/27","https://pt.wikipedia.org/wiki/Santos"
83,"santos - par. 46","O primeiro prefeito de Santos foi o Coronel Carlos Augusto Vasconcelos Tavares. Ao longo de vários mandatos, diferentes pessoas já passaram pela prefeitura.[67] O eleito nas eleições municipais de Santos em 2020 foi Rogério Santos, do Partido da Social Democracia Brasileira (PSDB), que tomou posse no ano seguinte.[68]","2026/08/27","https://pt.wikipedia.org/wiki/Santos"
84,"santos - par. 47","O poder legislativo da cidade de Santos é constituído pela câmara municipal, composta por 21 vereadores eleitos para mandatos de quatro anos (em observância ao disposto no artigo 29 da Constituição[69]) e está composta da seguinte forma: três do PSDB; três do Progressistas (PP); três do Partido Liberal (PL); dois do Democratas (DEM); dois do Partido Socialista Brasileiro (PSB); dois do Partido dos Trabalhadores (PT); dois do Podemos (PODE); dois do Republicanos; 1 do Partido Socialismo e Liberdade (PSOL) e 1 do Partido Social Liberal (PSL).[70]","2026/08/27","https://pt.wikipedia.org/wiki/Santos"
85,"santos - par. 48","O Produto Interno Bruto (PIB) é o maior da Região Metropolitana da Baixada Santista, o 13º do estado de São Paulo e o 33º de todo o país, em 2016. De acordo com dados do Instituto Brasileiro de Geografia e Estatística relativos a 2016, o PIB do município era de 21.954.556,74 bilhões de reais e o PIB per capita era de 50 544,73 reais.[7]","2026/08/27","https://pt.wikipedia.org/wiki/Santos"
86,"santos - par. 49","O montante de riquezas gerado na cidade supera o de outros estados brasileiros, como Alagoas, Sergipe e Tocantins. O setor de turismo e serviços em geral têm importante peso na economia local, mas o Porto de Santos é o maior gerador de receita e renda para a cidade, sendo que o município é a segunda cidade que mais arrecada impostos no estado de São Paulo.[75]","2026/08/27","https://pt.wikipedia.org/wiki/Santos"
87,"santos - par. 50","Santos possui o maior porto da América Latina, o Porto de Santos. Suas obras começaram em 1888 e o primeiro trecho de cais foi inaugurado em 1892.[76] O porto de Santos é responsável por escoar boa parte das exportações brasileiras e cerca de 70% das exportações de café.[77]","2026/08/27","https://pt.wikipedia.org/wiki/Santos"
88,"santos - par. 51","O Complexo Portuário de Santos responde por mais de um quarto da movimentação da balança comercial brasileira é o principal porto do país, e inclui na pauta de suas principais cargas produtos como o açúcar, soja, café, milho, trigo, sal, polpa cítrica, suco de laranja, papel, automóveis, álcool e outros granéis líquidos, em cargas transportadas em contêineres via porto, trilhos e estradas.[78]","2026/08/27","https://pt.wikipedia.org/wiki/Santos"
89,"santos - par. 52","A área de influência econômica do porto concentra mais de 50% do produto interno bruto (PIB) do país e abrange principalmente os estados de São Paulo, Minas Gerais, Goiás, Mato Grosso e Mato Grosso do Sul. Aproximadamente 90% da base industrial paulista está localizada a menos de 200 quilômetros do porto santista.[78] Em 2007, o Porto de Santos foi considerado o 39ª maior do mundo por movimentação de contêineres pela publicação britânica Container Management,[79] sendo o mais movimentado da América Latina.[80]","2026/08/27","https://pt.wikipedia.org/wiki/Santos"
90,"santos - par. 53","O orçamento municipal gira em torno de 1,9 bilhão em 2013, segundo estimativa. A renda per capita também figura no início do ranking de cidades brasileiras. Pelo censo de 2010, do IBGE, aparece em 9ª posição, com remuneração média de 1.682,24 reais, maior do que a renda por habitante de capitais como São Paulo (1.495,04 reais) e Rio de Janeiro (1.518,55 reais). O nível de emprego tem se mantido em constante alta na década de 2000, seguindo tendência nacional.[75]","2026/08/27","https://pt.wikipedia.org/wiki/Santos"
91,"santos - par. 54","Entre os principais pontos turísticos de Santos além de suas praias, podemos citar os Jardins da orla de Santos que é o maior jardim frontal de praia em extensão do mundo.[81] Em 2023, Santos arrecadou 13,7 milhões de reais em Imposto sobre Serviços de Qualquer Natureza (ISS) no setor de turismo, um aumento de 171% em relação ao ano anterior e o maior valor desde o início das medições em 2018. O ISS do turismo engloba atividades como hospedagem, agenciamento, guias, parques de diversão, feiras, congressos, eventos esportivos, museologia e serviços portuários. Santos ocupa a 13ª posição no ranking nacional de arrecadação de ISS, superando várias capitais brasileiras.[82]","2026/08/27","https://pt.wikipedia.org/wiki/Santos"
92,"santos - par. 55","O Aquário de Santos (antigo Aquário Municipal de Santos), inaugurado em 1945 pelo então Presidente da República Getúlio Vargas e ampliado em 2006, é o segundo parque público mais visitado do estado e atrai turistas do mundo inteiro.[83]","2026/08/27","https://pt.wikipedia.org/wiki/Santos"
93,"santos - par. 56","Outros lugares de interesse são o Museu do Café Brasileiro, o Orquidário Municipal, o Jardim Botânico Chico Mendes, o Teatro Coliseu Santista, o Panteão dos Andradas, o Monte Serrat, e a Estação do Valongo. A Laje de Santos  é um lugar muito procurado por mergulhadores. Entre as igrejas de interesse temos a Catedral de Santos, a Igreja Santo Antônio do Embaré, e a Igreja do Valongo.[84]","2026/08/27","https://pt.wikipedia.org/wiki/Santos"
94,"santos - par. 57","Santos é um dos 15 municípios paulistas considerados estâncias balneárias pelo estado de São Paulo, por cumprirem determinados pré-requisitos definidos por Lei Estadual. Tal status garante a esses municípios uma verba maior por parte do estado para a promoção do turismo regional. Também, o município adquire o direito de agregar junto a seu nome o título de Estância Balneária, termo pelo qual passa a ser designado tanto pelo expediente municipal oficial quanto pelas referências estaduais.[85][86]","2026/08/27","https://pt.wikipedia.org/wiki/Santos"
95,"santos - par. 58","Basicamente, a rede urbana de Santos é composta de uma malha urbana em formato de tabuleiro de xadrez, fruto do projeto desenvolvido pelo engenheiro Saturnino de Brito. A maioria das grandes vias de circulação estendem-se no sentido norte-sul: são as avenidas arborizadas que margeiam os canais e as avenidas Ana Costa e Conselheiro Nébias (antiga ligação do Centro da Cidade às praias). Elas conectam as praias, ao sul, com o Centro da Cidade, ao norte. O Centro faz face ao braço de mar conhecido por Largo do Caneú. A avenida Ana Costa pode ser considerada a avenida símbolo da cidade, onde se situam edifícios comerciais, cinemas, bancos e escolas. Suas palmeiras imperiais remontam à década de 1920, e no coração do bairro do Gonzaga (cruzado por essa avenida) ela atravessa a Praça Independência, local tradicional de comemorações da cidade, onde está o Monumento à Independência (com o patriarca José Bonifácio de Andrada e Silva no alto) inaugurado em 1922.[87][88][89]","2026/08/27","https://pt.wikipedia.org/wiki/Santos"
96,"santos - par. 59","No sentido leste-oeste, as ligações viárias são mais escassas. Elas conectam regiões próximas do Maciço de São Vicente (a oeste) ao Estuário de Santos, face ao qual se estende o Porto (a leste). Três grandes eixos de circulação se destacam nesse sentido: o eixo central, as avenidas Afonso Pena e Francisco Glicério (do bairro Ponta da Praia aos morros via região central à zona leste); o eixo leste que margeia a orla da praia (recebendo vários nomes: Presidente Wilson, Vicente de Carvalho, Bartolomeu de Gusmão e Almirante Saldanha da Gama) e também a avenida paralela à da orla (que também recebe vários nomes: Floriano Peixoto, Galeão Carvalhal, Embaixador Pedro de Toledo e Epitácio Pessoa); e o eixo central-noroeste (formado por vias entre São Francisco e João Pessoa a Francisco Dorneles Vargas, Martins Fontes e acessos tais como Nossa Senhora de Fátima, rodovias, porto-alemoa e morros). Quanto à paisagem urbana, ao sul da linha férrea, a cidade de Santos é extremamente densa, principalmente nas quadras fronteiras ao mar. Ao centro da ilha (Campo Grande, Encruzilhada, Macuco), a densidade cai (apesar de manter-se considerável) e próximo ao Centro, mais ao norte da ilha, os bairros da Vila Nova, Vila Mathias e Paquetá - áreas nobres no início do século XX - foram convertidas ao longo do século em áreas industriais e, em sua maioria, deterioradas (com proliferação de cortiços e desvalorização urbana). Na Vila Nova localiza-se o Mercado Municipal de Santos.[87][88][89]","2026/08/27","https://pt.wikipedia.org/wiki/Santos"
97,"santos - par. 60","Os canais de Santos hoje possuem mais de cem anos de idade, são uma marca característica da cidade. Foram construídos por Saturnino de Brito para drenar os terrenos alagadiços da planície santista e conduzir as águas pluviais, que eram focos constantes de doenças nos verões quentes da cidade, ao mar. O sistema combinou planejamento urbano (arruamento das zonas atravessadas pelos canais) e separação estrita entre redes de águas pluviais e rede de esgotos. Os canais são numerados sequencialmente e servem como pontos de referência, muito mais do que os bairros ou vias. Entretanto, com a elevação gradativa do nível do mar, foi criado o Projeto Metrópole, financiado pela FAPESP, para pesquisar soluções que previnam as consequências de futuras tempestades e ressacas, pois se observou a ocorrência de erosões na região da orla e enchentes principalmente na região da zona noroeste da cidade. Nesse sentido, com estudos por meio de sistema de georreferenciamento, executa projetos e início de obras de macrodrenagem.[90][91]","2026/08/27","https://pt.wikipedia.org/wiki/Santos"
98,"santos - par. 61","Pelo seu caráter litorâneo e pelo fato de ter sido construída em parte sobre antigos terrenos de manguezais, a cidade de Santos tem um perfil de solos dos mais difíceis no país para a construção de fundações. Por este motivo, uma série de edifícios foram erigidos ao longo do século XX (especialmente a partir da década de 1960) com fundações executadas a partir de equívocos de sondagem ou de projeto. A especulação imobiliária surgida com a explosão do veraneio em Santos foi a responsável por tais erros, já que os edifícios eram construídos rapidamente para abrigar muitos veranistas. Com o tempo, tais edifícios passaram a sofrer acentuados recalques diferenciais: tornam-se ""tortos"" (ou seja, perdem o prumo) aos olhos dos pedestres situados na praia. Recentemente os ""prédios tortos"" da orla de Santos estão virando atração turística: são cerca de 90 prédios com esta característica. Estão concentrados na orla do Boqueirão, Embaré e Aparecida. O reaprumo ou a implosão e reconstrução são soluções possíveis. A primeira opção, menos impactante que a segunda, já foi executada com sucesso no edifício que era considerado o mais inclinado da orla (o denominado 'Núncio Malzoni', no bairro do Boqueirão), o qual tinha mais de 2 metros de inclinação do topo em relação à base.[92]","2026/08/27","https://pt.wikipedia.org/wiki/Santos"
99,"santos - par. 62","Santos faz parte da rede mundial de municípios que priorizam a educação, desde 30 de outubro de 2008, quando a cidade foi incluída oficialmente na Associação Internacional das Cidades Educadoras (AICE).[93] Entre as instituições de ensino superior encontra-se a Universidade de São Paulo campus USP Mar,[94] a Universidade Federal de São Paulo (UNIFESP), a Universidade Santa Cecília (UNISANTA), a Faculdade de Ciências Médicas de Santos, a Universidade Metropolitana de Santos (UNIMES), a Universidade Católica de Santos (UNISANTOS), a Universidade Paulista (UNIP), a Escola Superior de Administração, Marketing e Comunicação (ESAMC), o Centro Universitário São Judas Tadeu (UNIMONTE) e a Faculdade de Tecnologia do Estado de São Paulo Rubens Lara (FATECRL). Santos também dispõe da mais antiga entidade geral estudantil do Brasil, o Centro dos Estudantes de Santos, fundado em 1932.[95][96]","2026/08/27","https://pt.wikipedia.org/wiki/Santos"
100,"santos - par. 63","Em 27 de dezembro de 2003 foi inaugurada a ciclovia na orla da praia de Santos e atualmente cobre toda a área com mais de 7,8 km de extensão e 2,5 metros de largura desde a divisa com São Vicente à Ponta da Praia, possibilitando ainda ligação com a ciclovia da avenida Portuária e o Ferry Boat, ponto de atracação das balsas que fazem a Travessia Santos-Guarujá. A cidade é favorecida pela predominância de ruas planas sem ladeiras e, tendo em vista a alta densidade de veículos automotores competir com a fluidez de tráfego e regiões verticalizadas, implantou ciclovias nas avenidas Francisco Glicério, Afonso Pena, Rangel Pestana, Ana Costa, Martins Fontes e Nossa Senhora de Fátima; na extensão dos canais 1 a 6; a que liga o centro aos bairros passando pelo Túnel Rubens Ferreira Martins; e na Ponta da Praia. Foram implantados, ainda, vários bicicletários pela cidade que funcionam como estação para um serviço municipal de aluguel de bicicletas operados pela empresa Samba.[97]","2026/08/27","https://pt.wikipedia.org/wiki/Santos"
101,"santos - par. 64","A cidade de Santos possui seis sistemas de travessia do estuário para o Guarujá. No bairro da Ponta da Praia existe a travessia para pedestres através de lanchas e barcas e de automóveis por meio de balsas da Travessia Santos-Guarujá, todos para o bairro de Jardim São José (Praça das Nações Unidas) no município vizinho. O primeiro sistema é administrado por uma cooperativa e os dois últimos pela DERSA (Desenvolvimento Rodoviário S.A.). A travessia que possui o maior fluxo de veículos do mundo nessa categoria, com a quantia de aproximadamente 23 mil veículos ao dia.[98]","2026/08/27","https://pt.wikipedia.org/wiki/Santos"
102,"santos - par. 65","O município de Santos é servido basicamente por três rodovias. O principal acesso é a Via Anchieta (SP-150 ou BR-050), proveniente de São Paulo, a única a atingir a área insular, e que recebe o tráfego proveniente das rodovias dos Imigrantes, Padre Manuel da Nóbrega, Rio-Santos e Cônego Domênico Rangoni (Piaçaguera-Guarujá). Na área continental, a cidade também é cortada pela Rodovia Rio-Santos (SP-55 ou BR-101), proveniente do Rio de Janeiro, e principal acesso a bairros afastados como o do Caruara. Na região do Monte Cabrão, esta rodovia desemboca na Cônego Domênico Rangoni (continuação da SP-55 ou BR-101), cortando a região do Quilombo e terminando na Via Anchieta já em Cubatão, por onde se tem acesso à área insular.[99]","2026/08/27","https://pt.wikipedia.org/wiki/Santos"
103,"santos - par. 66","O transporte por meio de ônibus é muito utilizado em Santos, sendo quase que totalmente operado por veículos a diesel. Atualmente, Santos é umas das poucas cidades brasileiras junto com São Paulo e a região do ABC que possuem um sistema de trólebus.[100][101]","2026/08/27","https://pt.wikipedia.org/wiki/Santos"
104,"santos - par. 67","Projetos diversos foram apresentados como alternativas para o deslocamento de milhares de pessoas, que vão desde ponte até um túnel que faria a ligação do município até Guarujá de forma submersa como ligação seca[102] e outro túnel entre a Zona Leste e a Zona Noroeste,[103] todos contando com ciclovia em seus projetos, além de teleférico que auxiliaria com rápido deslocamento de centenas de usuários pelos morros da cidade.[104] Em 2020 houve a inauguração de viadutos, sendo o principal elevado no bairro Saboó batizado com o nome do ex-prefeito Paulo Gomes Barbosa, com destaque luminoso em faixa de cores interativas.[105] Também foi inaugurada ligação entre os bairros São Manoel e Bom Retiro com uma nova avenida se chamará Beira Rio, às margens do Rio São Jorge como outro importante acesso à cidade via Zona Noroeste.[106]","2026/08/27","https://pt.wikipedia.org/wiki/Santos"
105,"santos - par. 68","O sistema funicular do Monte Serrat foi planejado em 1910 e construído em 1923 e liga o centro da cidade ao alto do Monte Serrat Ver trajeto no Google Maps, onde está um grande cassino inaugurado em 1927 (fechado devido à criação da lei que proíbe jogos de azar no Brasil, em 1946) e a Capela de Nossa Senhora do Monte Serrat, padroeira da cidade. Possui dois bondinhos, que operam sempre simultaneamente: enquanto um sobe, o outro desce, e os dois se encontram exatamente na metade do percurso, onde há um desvio.[107][108]","2026/08/27","https://pt.wikipedia.org/wiki/Santos"
106,"santos - par. 69","Santos foi a segunda cidade do país a ter um serviço de bondes (após o Rio de Janeiro). A primeira linha foi inaugurada em 1871, um ano antes de os bondes serem inaugurados na cidade de São Paulo. Em 1909, foi inaugurado o serviço eletrificado, que até então era feito por tração animal ou vapor. O serviço foi desativado em 1971, quando os bondes saíram de circulação por diversos motivos, entre os quais a maior procura pelos ônibus por parte do público. Em 2000, foi inaugurado o bonde turístico do centro histórico, que sai da Praça Mauá, em frente ao Paço Municipal. A linha turística conta com dois bondes que circularam no centro da cidade de Santos e um bonde doado pela cidade do Porto, em Portugal e reformado nas oficinas de Santos.[109]","2026/08/27","https://pt.wikipedia.org/wiki/Santos"
107,"santos - par. 70","A cidade possui dois acessos ferroviários que eram utilizados apenas para o transporte de cargas. O primeiro, oriundo da extinta ""The São Paulo Railway"", construído em 1867 para transportar café, sendo posteriormente a Estrada de Ferro Santos a Jundiaí (1947-1975) e sucedida à Rede Ferroviária Federal (1975-1996), é operado atualmente pela MRS Logística e atinge a cidade proveniente de São Paulo e do ABC Paulista pela região noroeste, passando até Cubatão por meio de transporte com trens elétricos em alta velocidade, que vence o desnível de sua origem e destino por meio de linha férrea com cremalheira em poucos minutos, sendo posteriormente despachado para o bairro do Valongo.[110]","2026/08/27","https://pt.wikipedia.org/wiki/Santos"
108,"santos - par. 71","O outro acesso ferroviário originou-se da extinta Estrada de Ferro Sorocabana (1927-1971) e sua sucessora, FEPASA (1971-1998), sendo posteriormente operado pela concessionária Ferroban. É proveniente do município de Mairinque na região de Sorocaba e chega a Santos pelo bairro do José Menino (sudoeste da área insular). A linha cruza em nível praticamente toda a cidade de oeste a leste até atingir a região portuária no bairro do Macuco. Em face a maior demanda de deslocamento de pessoas, bem como o aumento da frota de veículos, foi desativado para transporte de cargas e entregue em janeiro de 2017 como um sistema metropolitano de transporte de passageiros conhecido por Veículo Leve sobre Trilhos operado pelo consórcio BR Mobilidade a partir do bairro de Barreiros em São Vicente,[111] com uma futura extensão aguardando obras até o bairro do Valongo.[112]","2026/08/27","https://pt.wikipedia.org/wiki/Santos"
109,"santos - par. 72","O sistema de telefones automáticos foi inaugurado na cidade pela Companhia Telefônica Brasileira (CTB) em 1934,[113][114] sendo a 4ª cidade do estado a receber esse melhoramento, e que construiu as primeiras centrais telefônicas da cidade (Rua Brás Cubas, Rua Tocantins e Av. Washington Luís), com as duas primeiras já desativadas há algumas décadas.[115][116] Já o sistema de discagem direta à distância (DDD) foi implantado em 1973 pela Telecomunicações de São Paulo (TELESP), com o código de área (0132).[117] Na década de 90 o código DDD da cidade foi alterado para (013), para padronização do sistema telefônico com a telefonia celular que estava sendo implantada em todo o estado.[118] O serviço telefônico móvel, por telefone celular, é oferecido por diversas operadoras. O código de área (DDD) de Santos é 013[119] e o Código de Endereçamento Postal (CEP) da cidade vai de 11000-001 a 11249-999.[120] Ainda há serviços de internet como serviços de banda larga (ADSL) ou fibra ótica, sendo oferecidos pelas principais empresas provedoras de acesso.","2026/08/27","https://pt.wikipedia.org/wiki/Santos"
110,"santos - par. 73","Santos possui vários museus, entre eles o Museu do Café Brasileiro onde funcionava a Bolsa do Café até a década de 1970. Outros museus da cidade são o Museu de Arte Sacra de Santos, o Museu de Pesca de Santos, o Museu De Vaney, o Museu Oceanográfico, o Memorial das Conquistas, o Museu Pelé, o Museu do Porto e o Museu do Mar.[121]","2026/08/27","https://pt.wikipedia.org/wiki/Santos"
111,"santos - par. 74","A cidade de Santos possui 3 jornais diários, 4 emissoras de televisão comerciais e 10 emissoras de rádio, sendo 4 em FM e 6 em AM. A tradição cinematográfica pela qual a cidade se especializou foi a de curtas metragens, abrigando grandes e importantes festivais da área. Quanto às produções cinematográficas de Santos, podemos citar as de diretores como Chico Botelho (cuja morte não o deixou concluir os longas Janete e Cidade Oculta), Icaro Martins, José Roberto Eliezer, Tânia Savietto, Aloysio Raulino, José Roberto Torero, Renato Neiva Moreira,[122] Hélcio Nagamine, entre outros. Quanto às produções recentes com maior repercussão na cidade podemos citar O Magnata (2007), escrito pelo Chorão da banda Charlie Brown Jr., e Querô (2007), que promoveu testes de jovens atores pela cidade e que legou consequências que refletem até hoje.[123]","2026/08/27","https://pt.wikipedia.org/wiki/Santos"
112,"santos - par. 75","Santos também foi muito utilizada pela televisão em minisséries como Um Só Coração, produzida pela Rede Globo de Televisão, que teve 80% de suas cenas gravadas no centro histórico de Santos em outubro de 2003, para apresentação em rede nacional em janeiro de 2004.[124] De fato, a revitalização do Centro Histórico da cidade, a começar por sua iluminação e asfalto, possibilitou a gravação de muitas cenas televisivas que exigiam figurinos e enredos de época.[125] No caso de Um Só Coração, o objetivo era retratar a década de 1920 e como tal foram utilizadas locações como a Rua XV de Novembro e o interior da Bolsa Oficial do Café.[126] Entre os atores que gravaram no centro da cidade estão Ana Paula Arósio, Tarcísio Meira, Letícia Sabatella, Ângelo Antônio, Herson Capri, Erik Marmo, Maria Fernanda Cândido, Marcello Antony, sem contar os figurantes da própria cidade. Além de minisséries, a telenovela de 1977 Éramos Seis, escrita por Silvio de Abreu, na Tupi, também teve algumas cenas rodadas na praia, no bonde e nos jardins do Orquidário encenadas por Nicette Bruno, Riccelli, e Strazzer.[123]","2026/08/27","https://pt.wikipedia.org/wiki/Santos"
113,"santos - par. 76","A cidade possui nomes de renome no cenário musical brasileiro, como a banda Charlie Brown Jr.. Santos também é considerada celeiro de bons bateristas[127] e berço de bandas de rock como Balara, Garage Fuzz, Bula e Zimbra.[128][129][130] Dentre os músicos nascidos na cidade estão artistas como Leny Eversong, Gilberto Mendes, Haroldo Lara, Almeida Prado, Renato Teixeira e Tulipa Ruiz.[131]","2026/08/27","https://pt.wikipedia.org/wiki/Santos"
114,"santos - par. 77","A dança também é muito renomada na cidade de Santos. Ela é sede de alguns festivais renomados de dança como o Fidifest, o Fesadan e o Santos Dance Festival. Algumas escolas renomadas são a Balé Jovem de São Vicente e a Escola de Bailado de Santos. Esse último é especializado em ""ballet adulto"" e a única escola da cidade de Santos que oferece a modalidade ""Dança Contemporânea de Salão.""[132]","2026/08/27","https://pt.wikipedia.org/wiki/Santos"
115,"santos - par. 78","Desde 1962 abriga o Festival Música Nova ""Gilberto Mendes""[133] é um evento internacional e anual de música contemporânea idealizado por Gilberto Mendes (Santos, 1922-2016).","2026/08/27","https://pt.wikipedia.org/wiki/Santos"
116,"santos - par. 79","Santos é uma cidade relativamente cinematográfica. Zé do Periquito (1960), de Mazzaropi, possui algumas cenas de entrada e saída de navio da Ponta da Praia.[134] Estas cenas foram as primeiras filmagens vistas pelo crítico santista Rubens Ewald Filho, aos quinze anos, e que ele tentou retomar num ângulo parecido no seu primeiro e único curta-metragem intitulado José Bonifácio que Ninguém Conhece, hoje perdido nos ""meandros"" da produtora Faculdade de Comunicação da Católica.[134] Antes e depois do filme de Mazzaropi, Santos já havia sido e continuou sendo palco cinematográfico. Outros exemplos notórios inclui a versão original com Vera Nunes de Presença de Anita (1951), de Ruggero Jacobbi, Asa Branca - Um Sonho Brasileiro (1981), de Djalma Batista, com Walmor Chagas e Edson Celulari numa sequência no Gonzaga na fonte luminosa, O Rei Pelé, de Carlos H. Christensen, na cena em que o garoto que interpreta Pelé vê o mar pela primeira vez ao lado de Lima Duarte, o curta Domingo no Parque, de Isaías Almada, que logo depois da música homônima de Gilberto Gil utilizou uma roda-gigante que existia no Itararé.[134]","2026/08/27","https://pt.wikipedia.org/wiki/Santos"
117,"santos - par. 80","Outros filmes inclui o único filme do galã Hélio Souto, com Norma Bengell, onde há uma passada na ilha Porchat em 1960, um certo Leg da década de 1960 e que várias figuras da sociedade participaram sem saberem que o diretor era um vigarista de Portugal, A Flor do Desejo de Guilherme de Almeida Prado, onde Sandra Bréa foi substituída por Imara Reis (que acabou recebendo ótimas críticas), Bellini e a Esfinge (2001), de Roberto Santucci, filme alemão com Erika Remberg rodado no cais da cidade, além do filme policial A Mulher do Quarto 13 (1932) com Brian Donlevy e Andréa Bayard.[123]","2026/08/27","https://pt.wikipedia.org/wiki/Santos"
118,"santos - par. 81","Santos também possui uma tradição na exibição de filmes. Durante muitas décadas possuiu diversos edifícios cujo principal foco era o cinema e, embora tenha modernamente perdido muitas salas, nenhuma cidade de seu tamanho tivera um número tão grande de alternativas em assistir desde cinema-lançamentos até filmes b, desenhos animados e tchecos, russos, italianos.[135] A cidade também desenvolveu um projeto que funcionou durante muitas décadas, o Clube de Cinema, o primeiro do país, e acompanhou toda a criatividade do cinema exterior e nacional.[135]","2026/08/27","https://pt.wikipedia.org/wiki/Santos"
119,"santos - par. 82","Santos tem sido uma fonte de inspiração para muitos autores, conterrâneos ou estrangeiros, e possui uma longa tradição de publicação poética importante na literatura brasileira.","2026/08/27","https://pt.wikipedia.org/wiki/Santos"
120,"santos - par. 83","Talvez dois dos seus mais famosos poetas sejam Vicente de Carvalho e Martins Fontes. O primeiro, embora tenha se dedicado a um complexo de atividades, é mais conhecido por ter sido chamado de ""O Poeta do Mar"" dada à sua dedicação a escrever poemas dedicados à praia de Santos, e foi membro da Academia Brasileira de Letras, deixando uma prolífica obra literária e jurídica. Sua magnum opus, Poemas e Canções (cujo prefácio foi escrito por Euclides da Cunha), publicada primeiramente em 1908, chegou modernamente à sua 17ª edição - fato raro na literatura nacional.[136]","2026/08/27","https://pt.wikipedia.org/wiki/Santos"
121,"santos - par. 84","Carvalho apoiou-se numa tradição lírica que nos remete a Victor Hugo e foi um grande divulgador da cidade como advogado e jurista,[137] e hoje sua importância é refletida num dos nomes de uma das ruas da cidade. Martins Fontes, por sua vez, é mais conhecido por seus sonetos parnasianos, embora também tenha se tornado popular como médico da Santa Casa. Foi um grande colaborador dos ideais e das ambições de seu tempo;[138] seu túmulo no Cemitério do Paquetá é um dos mais visitados na cidade e sua morte foi muito noticiada.[139][140]","2026/08/27","https://pt.wikipedia.org/wiki/Santos"
122,"santos - par. 85","Provavelmente Santos seja a cidade do interior paulista mais profundamente ligada ao movimento teatral.[141] O teatro em Santos se desenvolve e se desenvolveu dentro dos principais locais para a arte dramática: Teatro Municipal Brás Cubas, Teatro de Arena Rosinha Mastrângelo, Teatro do SESC, Teatro do SESI e, curiosamente, nas praças públicas.[142]","2026/08/27","https://pt.wikipedia.org/wiki/Santos"
123,"santos - par. 86","Patrícia Galvão, mais conhecida como Pagu, foi a primeira presidente da União de Teatro Amador de Santos que no ano de 1958 iniciou a organização do movimento na cidade.  Pagu foi uma grande pioneira do teatro na cidade; escrevendo para o A Tribuna, conseguiu patrocínios e realizou os primeiros festivais de teatro de Santos.[142] Os festivais continuaram suas atividades pela Federação Santista de Teatro Amador com o nome FESTA - Festival Santista de Teatro Amador. A partir de 2009 a Federação Santista de Teatro Amador já estava extinta mas o festival continuou com o mesmo nome FESTA, porém agora como Festival Santista de Teatro, abolindo a palavra ""Amador"" e tornando-se um festival nacional de teatro. Hoje o FESTA - Festival Santista de Teatro é o festival em atividade mais antigo do Brasil, recebendo a Ordem do Mérito Cultural 2011 pelo Ministério da Cultura. O festival continua sendo realizado e produzido pelo Movimento Teatral de Santos, formado por diversos grupos da cidade, tendo como seu representante jurídico a Associação dos Artistas do Litoral Paulista. Alguns grupos da cidade se destacam como Trupe Olho da Rua, Os Pernilongos Insolentes, Teatro Widia,  Cia Own, Os Phantanas. Pagu era conhecida como a ""musa"" da Semana de Arte Moderna e escolheu Santos como a última cidade em que viveu.[142] Estreitou relações com José Greghi Filho (ator e dramaturgo santista) e promoveu a campanha para a construção do Teatro Municipal que hoje leva seu nome.[142]","2026/08/27","https://pt.wikipedia.org/wiki/Santos"
124,"santos - par. 87","Plínio Marcos e Carlos Alberto Soffredini são dois dos mais conhecidos e aclamados dramaturgos da cidade. Marcos iniciou sua carreira na companhia de Cacilda Becker e Walmor Chagas no início da década de 1960 e escreveu peças como Navalha na Carne e Dois Perdidos Numa Noite Suja que soaram de cunho sociopsicológico e foram proibidas na época.[143] Plínio prosseguiu sua carreira também como ator e na década de 1970 trabalhou ao lado de Gianfrancesco Guarnieri, Oduvaldo Viana Filho, Jorge Andrade, Nelson Rodrigues e Abílio Pereira de Almeida.[144] Nesta época, surgia outro dramaturgo na cidade, Soffredini, autor de Mais Quero Asno que Me Carregue, e que ao lado de Marcos figura como um autor expoente do moderno teatro do Brasil.[144] No teatro infantil da cidade, destaca-se Oscar Von Pfhul, cunhado de Paulo Autran, e que possui projeção internacional.[144]","2026/08/27","https://pt.wikipedia.org/wiki/Santos"
125,"santos - par. 88","Muitos outros nomes famosos surgiram do teatro santista; entre estes nomes destaca-se os de Serafim Gonzalez, Paulo Lara, Tanah Corrêa, Sérgio Mamberti, Cláudio Mamberti, Bete Mendes, Jandira Martini, Wilson Geraldo, Ney Latorraca, Nuno Leal Maia, Alexandre Borges, Oscar Magrini, Paulo Vilhena, etc.","2026/08/27","https://pt.wikipedia.org/wiki/Santos"
126,"santos - par. 89","O esporte em Santos talvez seja um dos temas de maior projeção da cidade. Possui uma grande tradição nos mais variados esportes com constante auxílio de projetos sociais e educacionais. A começar pelo mar, temos o surfe santista que, apesar das ondas calmas da praia, possui um papel particular na história do surfe brasileiro e mundial: foi em Santos que o esporte começou a se desenvolver no país.[145][146] Desde a década de 1930, os surfistas utilizavam pranchas de madeira oca e surfavam na praia do Gonzaga.[147] A carreira dos pioneiros da modalidade no Brasil, os irmãos Thomas Rittscher Júnior e Margot Rittscher, está exclusivamente ligada a Santos e aos nomes de santistas como Osmar Gonçalves e João Roberto Suplicy Hafers, que formam, juntos, o que o jornalismo de hoje diz ser os primeiros surfistas do Brasil.[148] Mais tarde, o surfe santista foi aprimorado e melhor divulgado por parte de escolas (como a Escolinha Radical, no Posto 2, liderado pelo primeiro surfista profissional brasileiro, Cisco Aranha) e de universidades, revelando nomes como Picuruta Salazar, que tornou-se o ""maior"" símbolo do esporte na cidade,[149] e Renata Agondi, pessoas que renderam influência à posterioridade. Picuruta, além de criar escolinhas para crianças, também desenvolve projetos paralelos em lugares como o Havaí, oportunidade pela qual jovens talentos da cidade podem assumir responsabilidades internacionais.[150]","2026/08/27","https://pt.wikipedia.org/wiki/Santos"
127,"santos - par. 90","No futebol, a cidade foi palco de grandes jogadores, desde Araken Patuska[151] por volta dos anos 20, passando por Pelé nos anos 60 até Neymar entre os anos de 2009 e 2012. A cidade é sede de três clubes, sendo o de maior destaque o Santos Futebol Clube, que é reconhecido internacionalmente, possuindo entre suas principais conquistas três Copas Libertadores da América e dois títulos Mundiais Interclubes, além de oito títulos de Campeão Brasileiro. Joga no Estádio Urbano Caldeira, mais conhecido como ""Vila Belmiro"". Os outros dois clubes são a Associação Atlética Portuguesa (conhecida popularmente como Portuguesa Santista), que joga no Estádio Ulrico Mursa, e o Jabaquara Atlético Clube que joga no Estádio Espanha. Esses três clubes realizam os clássicos do futebol de Santos quando se confrontam. Também está localizado em Santos o Estádio Municipal Paulo César de Araújo (Estádio Pagão), que se encontra na Zona Noroeste da cidade.[152] Um quarto time de futebol, o Litoral Futebol Clube, chegou a existir em Santos, mas encerrou suas atividades em 2008.[153]","2026/08/27","https://pt.wikipedia.org/wiki/Santos"
128,"santos - par. 91","Outro esporte da cidade é o Iatismo (ou vela), praticada no Clube Internacional de Regatas e que tem como destaque a flotilha da Classe Snipe. Além de diversos eventos de snipe, a cidade também é sede de etapas do Campeonato Paulista de Vela Oceânica e é largada da tradicional regata oceânica Santos-Rio. Santos também conta com um polo do projeto ""Navega São Paulo"" que ensina esportes náuticas às escolas públicas, entre eles a vela. O Tamboréu, por sua vez, é um esporte que nasceu em Santos[154] e hoje é bastante praticado em toda a Baixada Santista. O jogo parecido com o tênis no que diz respeito às regras, é jogado com ""raquetes"" com o formato de um pandeiro (o tamboréu). A rede possui um metro de altura.","2026/08/27","https://pt.wikipedia.org/wiki/Santos"
129,"bertioga - par. 1","Bertioga é um município do estado de São Paulo, na Região Metropolitana da Baixada Santista, microrregião de Santos. A população aferida pelo IBGE no censo de 2022 foi 64 188 habitantes[3], contra os 47 645 habitantes contados no censo de 2010. A área do município é de 491,546 km².","2026/06/21","https://pt.wikipedia.org/wiki/Bertioga"
130,"bertioga - par. 2","Umas das cidades mais antigas do Brasil, preserva muitos edifícios históricos, como o Forte de São João, o primeiro forte do país, e destaca-se como um dos destinos mais procurados por turistas em todo o território nacional devido a suas belezas naturais, praias e qualidade de vida.[7]","2026/06/21","https://pt.wikipedia.org/wiki/Bertioga"
131,"bertioga - par. 3","Bertioga é um dos quinze municípios paulistas considerados estâncias balneárias pelo Estado de São Paulo, por cumprirem determinados pré-requisitos definidos por Lei Estadual. Tal status garante a esses municípios uma verba maior por parte do Estado para a promoção do turismo regional. Também, o município adquire o direito de agregar junto a seu nome o título de Estância Balneária, termo pelo qual passa a ser designado tanto pelo expediente municipal oficial quanto pelas referências estaduais.[8] Bertioga possui 33 km de praias próprias para o banho, que oferecem momentos de lazer e a prática de diversos esportes, já que possui excelente condições de balneabilidade. As praias se dividem em Enseada, São Lourenço, Itaguaré, Guaratuba e Boraceia.[8]","2026/06/21","https://pt.wikipedia.org/wiki/Bertioga"
132,"bertioga - par. 4","Seu nome tem sua origem no tupi antigo falado na costa brasileira, através do termo tupi piratyoca, que significa ""casa do peixe branco"". Para outros, no entanto, Bertioga tem origem no termo tupi buriquioca, que significa ""casa do muriqui"". A teoria mais aceita é que Bertioga significa ""casa do muriqui"" em tupi.[carece de fontes]?","2026/06/21","https://pt.wikipedia.org/wiki/Bertioga"
133,"bertioga - par. 5","Durante o início da colonização portuguesa, no século XVI, a região era considerada de transição entre o território tupinambá, que ia desde o cabo de São Tomé, no atual estado do Rio de Janeiro, até o rio Juqueriquerê, em Caraguatatuba e o território dos tupiniquins, que ia desde as cercanias de São Vicente, passando por Itanhaém e Peruíbe, até Cananeia. O povoamento da região teve início no ano de 1531, quando Martim Afonso de Sousa, nomeado governador-geral da Costa do Brasil, aportou às águas da antiga Buriquioca. Com a intervenção de João Ramalho, Martim Afonso deixou em terra alguns homens para realizar ali uma primeira feitoria da nova fase, ou um pequeno fortim, partindo em seguida rumo ao sul, dirigindo-se para o outro lado da ilha, para fundar oficialmente a vila de São Vicente, em 1532.[carece de fontes]?","2026/06/21","https://pt.wikipedia.org/wiki/Bertioga"
134,"bertioga - par. 6","Sofrendo constantemente ataques dos tupinambás de Ubatuba (que não era a atual cidade paulista de Ubatuba, mas uma aldeia tupinambá na região da atual cidade fluminense de Angra dos Reis), que se reuniam com suas canoas em Yperoig (esta sim, a atual cidade de Ubatuba), os portugueses de São Vicente decidiram construir o forte de São João de Bertioga para se defender dos ataques dos tupinambás, em 1547. Esse forte é considerado a mais antiga fortificação portuguesa no Brasil e foi tombada em 1940 pelo Instituto do Patrimônio Histórico e Artístico Nacional (IPHAN). Originalmente construído em 1532 para impedir que os indígenas utilizassem o Canal de Bertioga em ataques à cidade de Santos, foi o posto militar em que serviu o artilheiro alemão Hans Staden, autor de um dos primeiros relatos sobre a conquista da América. A partir daí, os moradores de São Vicente o usaram para expulsar os calvinistas franceses que haviam se instalado no Rio de Janeiro, em 1555. O Forte atual foi erguido, em 1750, no contexto de fixação das fronteiras com os países de colonização espanhola. Tombado em 1940, atualmente é a sede de um museu municipal .[2] Os índios tamoios fizeram uso de passagem no sítio Barra de Bertioga, que passaram a ser impedidos pelos 5 irmãos Braga: João, Diogo, Domingo, Francisco e André.[9]","2026/06/21","https://pt.wikipedia.org/wiki/Bertioga"
135,"bertioga - par. 7","Pelo forte, em 1552, ficou responsável Hans Staden, um mercenário alemão a serviço do rei de Portugal. Staden foi capturado pelos tupinambás e, posteriormente, libertado por intervenção dos franceses, aliados dos tupinambás. Retornando à Alemanha, escreveu um livro sobre suas aventuras no Novo Mundo (História verídica e descrição de uma terra de selvagens, nus e cruéis comedores de seres humanos, situada no Novo Mundo da América, desconhecida antes de depois de Jesus Cristo nas terras de Hessen até os dois últimos anos, visto que Hans Staden, de Homberg, em Hessen, a conheceu por experiência própria e que agora a traz a público com essa impressão[10]). Esse livro vendeu muito na época, principalmente pelas descrições dos banquetes antropofágicos praticados pelos tupinambás. O mesmo livro foi base para o filme Hans Staden, de 1999.","2026/06/21","https://pt.wikipedia.org/wiki/Bertioga"
136,"bertioga - par. 8","Foi no Forte de São João de Bertioga que, em 1563, os jesuítas Manuel da Nóbrega e José de Anchieta se hospedaram, por cinco dias, antes de irem para Ubatuba tranquilizar os índios revoltados na Confederação dos Tamoios. Foi também de Bertioga que Estácio de Sá e sua esquadra partiram, em 1565, para dar combate aos franceses e fundar a cidade do Rio de Janeiro. O sítio primitivo de Bertioga era uma pequena linha de praia protegida pelo outeiro de Buriquioca, hoje Morro da Senhorinha. O antigo núcleo estendeu-se também pelo outro lado da barra, onde, em meados do século XVI, fora fundada a Ermida de Santo Antônio de Guaibê.","2026/06/21","https://pt.wikipedia.org/wiki/Bertioga"
137,"bertioga - par. 9","Nos primórdios do século XVIII, com o uso do óleo de baleia para iluminação pública e particular, Bertioga passou a ter grande importância, graças à criação da Armação das Baleias, para a pesca da baleia, e onde foram construídos grandes tanques para depósito de óleo desses animais. Assim, durante certo tempo, o azeite de Bertioga contribuiu para a iluminação de Santos, São Vicente, São Paulo, São Sebastião e, em parte, também do Rio de Janeiro. Durante muito tempo, Bertioga conservou-se como um núcleo de pescadores, com cerca de duas dúzias de casas defronte do porto da barca e três pequenas casas de comércio.[carece de fontes]?","2026/06/21","https://pt.wikipedia.org/wiki/Bertioga"
138,"bertioga - par. 10","Somente na década de 1940 que o pequeno núcleo de pescadores começou a despertar para sua grande função: a de Estância Balneária. Com a melhoria das vias de acesso e com a construção de estradas e cobertura de asfalto da estrada que corta o Guarujá em direção ao ferryboat que liga a Ilha de Santo Amaro a Bertioga, iniciou-se uma grande expansão urbana da vila.[carece de fontes]?","2026/06/21","https://pt.wikipedia.org/wiki/Bertioga"
139,"bertioga - par. 11","Nesta época, em 1944, Bertioga (e toda extensão territorial norte) foi transformada oficialmente em distrito de Santos. Após dois movimentos pró-emancipação, um em 1958 e outro em 1979, Bertioga finalmente conquistou sua autonomia no dia 19 de maio de 1991, separando-se de Santos.[carece de fontes]?","2026/06/21","https://pt.wikipedia.org/wiki/Bertioga"
140,"bertioga - par. 12","Em 1979, o criminoso de guerra Josef Mengele, médico responsável por atos monstruosos no campo de concentração de Auschwitz, morreu em Bertioga enquanto nadava no mar.[11][12]","2026/06/21","https://pt.wikipedia.org/wiki/Bertioga"
141,"bertioga - par. 13","Densidade demográfica (hab./km²): 97,21","2026/06/21","https://pt.wikipedia.org/wiki/Bertioga"
142,"bertioga - par. 14","Mortalidade infantil até 1 ano (por mil): 18,38","2026/06/21","https://pt.wikipedia.org/wiki/Bertioga"
143,"bertioga - par. 15","Expectativa de vida (anos): 69,93","2026/06/21","https://pt.wikipedia.org/wiki/Bertioga"
144,"bertioga - par. 16","Taxa de fecundidade (filhos por mulher): 3,08","2026/06/21","https://pt.wikipedia.org/wiki/Bertioga"
145,"bertioga - par. 17","Índice de Desenvolvimento Humano (IDH-M): 0,730","2026/06/21","https://pt.wikipedia.org/wiki/Bertioga"
146,"bertioga - par. 18","Seus limites são Mogi das Cruzes, Biritiba-Mirim e Salesópolis a norte, São Sebastião a leste, o Oceano Atlântico a sul com o Guarujá (com a ilha de Santo Amaro defronte à cidade) e Santos a oeste.[carece de fontes]?","2026/06/21","https://pt.wikipedia.org/wiki/Bertioga"
147,"bertioga - par. 19","Oficialmente, Bertioga tem 6 praias que, juntas, somam 33 km de extensão.[18][19] De oeste a leste as praias são:","2026/06/21","https://pt.wikipedia.org/wiki/Bertioga"
148,"bertioga - par. 20","O clima de Bertioga é o subtropical úmido, com verões quentes e invernos relativamente frios, com a ausência de mês seco, sendo julho o mês mais frio com média de 17 °C e o mês mais quente é fevereiro, com média de 30°.","2026/06/21","https://pt.wikipedia.org/wiki/Bertioga"
149,"bertioga - par. 21","De acordo com dados da estação meteorológica automática do Instituto Nacional de Meteorologia (INMET) de Bertioga, em operação desde fevereiro de 2017, a menor temperatura ocorreu em 30 de junho de 2021 (10,6 °C) e a maior em 3 de janeiro de 2019 (37,9 °C). O recorde de  precipitação (chuva) acumulada em 24 horas é 288,8 mm em 19 de fevereiro de 2023,[20] no mesmo dia em que um pluviômetro automático do Centro Nacional de Monitoramento e Alertas de Desastres Naturais (CEMADEN) registrou, no mesmo período, 682 mm na Praia de Guaratuba, sendo este considerado o recorde de chuva em 24 horas registrado no Brasil por órgãos oficiais.[21]","2026/06/21","https://pt.wikipedia.org/wiki/Bertioga"
150,"bertioga - par. 22","Liga-se com o planalto pela Rodovia Mogi-Bertioga (SP-98) (ao norte), com a Ilha de Santo Amaro (Guarujá) por meio de um serviço de ferry-boat (ao sul), com Santos (a oeste) e São Sebastião (a leste) pela Rodovia Rio-Santos (SP-55/BR-101). Fica no município a pequena Vila de Itatinga, que tem acesso restrito a visitantes. O único acesso a Vila de Itatinga é feito ao final da Rua Manoel Gajo, onde existe um pequeno ferryboat, de onde é feita a travessia do rio Itapanhaú através de uma barca cedida pela CODESP (empresa que mantém o controle da vila). Após a travessia, é necessário percorrer aproximadamente 7 km de trilhos, no sopé da Serra do Mar, sobre um simpático bondinho. O percurso é repleto de belas paisagens, é comum ver animais à solta, bem como belas cachoeiras e riachos. Na Vila de Itatinga, moram cerca de 70 famílias dos trabalhadores da usina de Itatinga, que gera energia para o porto de Santos.[carece de fontes]?","2026/06/21","https://pt.wikipedia.org/wiki/Bertioga"
151,"bertioga - par. 23","O sistema de telefones automáticos foi inaugurado na cidade em 1979 pela Telecomunicações de São Paulo (TELESP), que também implantou o sistema de discagem direta à distância (DDD) em 1979 com o código de área (0132).[22] Anteriormente a cidade era atendida pela Companhia Telefônica Brasileira (CTB).[23] Na década de 90 o código DDD da cidade foi alterado para (013), para padronização do sistema telefônico com a telefonia celular que estava sendo implantada em todo o estado.[24]","2026/06/21","https://pt.wikipedia.org/wiki/Bertioga"
152,"bertioga - par. 24","Bertioga é uma das cidades que mais crescem no Brasil, com forte atividade da construção civil, comércio, hotelaria e boa gastronomia. Apesar de tantas mudanças, a Cidade mantém a cultura caiçara, celebrada em eventos como a Festa da Tainha (entre junho e julho) e a Festa do Camarão na Moranga (entre agosto e setembro).[25]","2026/06/21","https://pt.wikipedia.org/wiki/Bertioga"
